{
    "logL_sig_bkg": 172085.49505770704,
    "logL_bkg_only": 197966.05231740646,
    "delta_logL": -51761.114519398834,
    "significance": 0
}